scaffold_name,core,anchor,warhead,tail,mw_est,status,reasons
Quinazoline-Isopropyl-Acrylamide-MethylPiperazine,Quinazoline,Isopropyl,Acrylamide,MethylPiperazine,344,REJECT,MW 344: Out of range 350-600
Quinazoline-Isopropyl-Acrylamide-Morpholine,Quinazoline,Isopropyl,Acrylamide,Morpholine,331,REJECT,MW 331: Out of range 350-600
Quinazoline-Isopropyl-Acrylamide-Dimethylamine,Quinazoline,Isopropyl,Acrylamide,Dimethylamine,289,REJECT,MW 289: Out of range 350-600
Quinazoline-Isopropyl-Acrylamide-t-Butyl,Quinazoline,Isopropyl,Acrylamide,t-Butyl,301,REJECT,Tail: Too hydrophobic; Tail: Must be polar; MW 301: Out of range 350-600
Quinazoline-Isopropyl-VinylSulfonamide-MethylPiperazine,Quinazoline,Isopropyl,VinylSulfonamide,MethylPiperazine,380,VALID,
Quinazoline-Isopropyl-VinylSulfonamide-Morpholine,Quinazoline,Isopropyl,VinylSulfonamide,Morpholine,367,VALID,
Quinazoline-Isopropyl-VinylSulfonamide-Dimethylamine,Quinazoline,Isopropyl,VinylSulfonamide,Dimethylamine,325,REJECT,MW 325: Out of range 350-600
Quinazoline-Isopropyl-VinylSulfonamide-t-Butyl,Quinazoline,Isopropyl,VinylSulfonamide,t-Butyl,337,REJECT,Tail: Too hydrophobic; Tail: Must be polar; MW 337: Out of range 350-600
Quinazoline-Isopropyl-Chloroacetamide-MethylPiperazine,Quinazoline,Isopropyl,Chloroacetamide,MethylPiperazine,366,VALID,
Quinazoline-Isopropyl-Chloroacetamide-Morpholine,Quinazoline,Isopropyl,Chloroacetamide,Morpholine,353,VALID,
Quinazoline-Isopropyl-Chloroacetamide-Dimethylamine,Quinazoline,Isopropyl,Chloroacetamide,Dimethylamine,311,REJECT,MW 311: Out of range 350-600
Quinazoline-Isopropyl-Chloroacetamide-t-Butyl,Quinazoline,Isopropyl,Chloroacetamide,t-Butyl,323,REJECT,Tail: Too hydrophobic; Tail: Must be polar; MW 323: Out of range 350-600
Quinazoline-Isopropyl-Propyl-MethylPiperazine,Quinazoline,Isopropyl,Propyl,MethylPiperazine,316,REJECT,Warhead: Not electrophile; Warhead: Must be electrophile; MW 316: Out of range 350-600
Quinazoline-Isopropyl-Propyl-Morpholine,Quinazoline,Isopropyl,Propyl,Morpholine,303,REJECT,Warhead: Not electrophile; Warhead: Must be electrophile; MW 303: Out of range 350-600
Quinazoline-Isopropyl-Propyl-Dimethylamine,Quinazoline,Isopropyl,Propyl,Dimethylamine,261,REJECT,Warhead: Not electrophile; Warhead: Must be electrophile; MW 261: Out of range 350-600
Quinazoline-Isopropyl-Propyl-t-Butyl,Quinazoline,Isopropyl,Propyl,t-Butyl,273,REJECT,Warhead: Not electrophile; Tail: Too hydrophobic; Warhead: Must be electrophile; Tail: Must be polar; MW 273: Out of range 350-600
Quinazoline-Methyl-Acrylamide-MethylPiperazine,Quinazoline,Methyl,Acrylamide,MethylPiperazine,316,REJECT,MW 316: Out of range 350-600
Quinazoline-Methyl-Acrylamide-Morpholine,Quinazoline,Methyl,Acrylamide,Morpholine,303,REJECT,MW 303: Out of range 350-600
Quinazoline-Methyl-Acrylamide-Dimethylamine,Quinazoline,Methyl,Acrylamide,Dimethylamine,261,REJECT,MW 261: Out of range 350-600
Quinazoline-Methyl-Acrylamide-t-Butyl,Quinazoline,Methyl,Acrylamide,t-Butyl,273,REJECT,Tail: Too hydrophobic; Tail: Must be polar; MW 273: Out of range 350-600
Quinazoline-Methyl-VinylSulfonamide-MethylPiperazine,Quinazoline,Methyl,VinylSulfonamide,MethylPiperazine,352,VALID,
Quinazoline-Methyl-VinylSulfonamide-Morpholine,Quinazoline,Methyl,VinylSulfonamide,Morpholine,339,REJECT,MW 339: Out of range 350-600
Quinazoline-Methyl-VinylSulfonamide-Dimethylamine,Quinazoline,Methyl,VinylSulfonamide,Dimethylamine,297,REJECT,MW 297: Out of range 350-600
Quinazoline-Methyl-VinylSulfonamide-t-Butyl,Quinazoline,Methyl,VinylSulfonamide,t-Butyl,309,REJECT,Tail: Too hydrophobic; Tail: Must be polar; MW 309: Out of range 350-600
Quinazoline-Methyl-Chloroacetamide-MethylPiperazine,Quinazoline,Methyl,Chloroacetamide,MethylPiperazine,338,REJECT,MW 338: Out of range 350-600
Quinazoline-Methyl-Chloroacetamide-Morpholine,Quinazoline,Methyl,Chloroacetamide,Morpholine,325,REJECT,MW 325: Out of range 350-600
Quinazoline-Methyl-Chloroacetamide-Dimethylamine,Quinazoline,Methyl,Chloroacetamide,Dimethylamine,283,REJECT,MW 283: Out of range 350-600
Quinazoline-Methyl-Chloroacetamide-t-Butyl,Quinazoline,Methyl,Chloroacetamide,t-Butyl,295,REJECT,Tail: Too hydrophobic; Tail: Must be polar; MW 295: Out of range 350-600
Quinazoline-Methyl-Propyl-MethylPiperazine,Quinazoline,Methyl,Propyl,MethylPiperazine,288,REJECT,Warhead: Not electrophile; Warhead: Must be electrophile; MW 288: Out of range 350-600
Quinazoline-Methyl-Propyl-Morpholine,Quinazoline,Methyl,Propyl,Morpholine,275,REJECT,Warhead: Not electrophile; Warhead: Must be electrophile; MW 275: Out of range 350-600
Quinazoline-Methyl-Propyl-Dimethylamine,Quinazoline,Methyl,Propyl,Dimethylamine,233,REJECT,Warhead: Not electrophile; Warhead: Must be electrophile; MW 233: Out of range 350-600
Quinazoline-Methyl-Propyl-t-Butyl,Quinazoline,Methyl,Propyl,t-Butyl,245,REJECT,Warhead: Not electrophile; Tail: Too hydrophobic; Warhead: Must be electrophile; Tail: Must be polar; MW 245: Out of range 350-600
Quinazoline-Fluorine-Acrylamide-MethylPiperazine,Quinazoline,Fluorine,Acrylamide,MethylPiperazine,320,REJECT,MW 320: Out of range 350-600
Quinazoline-Fluorine-Acrylamide-Morpholine,Quinazoline,Fluorine,Acrylamide,Morpholine,307,REJECT,MW 307: Out of range 350-600
Quinazoline-Fluorine-Acrylamide-Dimethylamine,Quinazoline,Fluorine,Acrylamide,Dimethylamine,265,REJECT,MW 265: Out of range 350-600
Quinazoline-Fluorine-Acrylamide-t-Butyl,Quinazoline,Fluorine,Acrylamide,t-Butyl,277,REJECT,Tail: Too hydrophobic; Tail: Must be polar; MW 277: Out of range 350-600
Quinazoline-Fluorine-VinylSulfonamide-MethylPiperazine,Quinazoline,Fluorine,VinylSulfonamide,MethylPiperazine,356,VALID,
Quinazoline-Fluorine-VinylSulfonamide-Morpholine,Quinazoline,Fluorine,VinylSulfonamide,Morpholine,343,REJECT,MW 343: Out of range 350-600
Quinazoline-Fluorine-VinylSulfonamide-Dimethylamine,Quinazoline,Fluorine,VinylSulfonamide,Dimethylamine,301,REJECT,MW 301: Out of range 350-600
Quinazoline-Fluorine-VinylSulfonamide-t-Butyl,Quinazoline,Fluorine,VinylSulfonamide,t-Butyl,313,REJECT,Tail: Too hydrophobic; Tail: Must be polar; MW 313: Out of range 350-600
Quinazoline-Fluorine-Chloroacetamide-MethylPiperazine,Quinazoline,Fluorine,Chloroacetamide,MethylPiperazine,342,REJECT,MW 342: Out of range 350-600
Quinazoline-Fluorine-Chloroacetamide-Morpholine,Quinazoline,Fluorine,Chloroacetamide,Morpholine,329,REJECT,MW 329: Out of range 350-600
Quinazoline-Fluorine-Chloroacetamide-Dimethylamine,Quinazoline,Fluorine,Chloroacetamide,Dimethylamine,287,REJECT,MW 287: Out of range 350-600
Quinazoline-Fluorine-Chloroacetamide-t-Butyl,Quinazoline,Fluorine,Chloroacetamide,t-Butyl,299,REJECT,Tail: Too hydrophobic; Tail: Must be polar; MW 299: Out of range 350-600
Quinazoline-Fluorine-Propyl-MethylPiperazine,Quinazoline,Fluorine,Propyl,MethylPiperazine,292,REJECT,Warhead: Not electrophile; Warhead: Must be electrophile; MW 292: Out of range 350-600
Quinazoline-Fluorine-Propyl-Morpholine,Quinazoline,Fluorine,Propyl,Morpholine,279,REJECT,Warhead: Not electrophile; Warhead: Must be electrophile; MW 279: Out of range 350-600
Quinazoline-Fluorine-Propyl-Dimethylamine,Quinazoline,Fluorine,Propyl,Dimethylamine,237,REJECT,Warhead: Not electrophile; Warhead: Must be electrophile; MW 237: Out of range 350-600
Quinazoline-Fluorine-Propyl-t-Butyl,Quinazoline,Fluorine,Propyl,t-Butyl,249,REJECT,Warhead: Not electrophile; Tail: Too hydrophobic; Warhead: Must be electrophile; Tail: Must be polar; MW 249: Out of range 350-600
Quinazoline-Phenyl-Acrylamide-MethylPiperazine,Quinazoline,Phenyl,Acrylamide,MethylPiperazine,378,REJECT,Anchor: Steric clash w/ GLY60; Anchor: Steric violation (GLY60)
Quinazoline-Phenyl-Acrylamide-Morpholine,Quinazoline,Phenyl,Acrylamide,Morpholine,365,REJECT,Anchor: Steric clash w/ GLY60; Anchor: Steric violation (GLY60)
Quinazoline-Phenyl-Acrylamide-Dimethylamine,Quinazoline,Phenyl,Acrylamide,Dimethylamine,323,REJECT,Anchor: Steric clash w/ GLY60; Anchor: Steric violation (GLY60); MW 323: Out of range 350-600
Quinazoline-Phenyl-Acrylamide-t-Butyl,Quinazoline,Phenyl,Acrylamide,t-Butyl,335,REJECT,Anchor: Steric clash w/ GLY60; Tail: Too hydrophobic; Anchor: Steric violation (GLY60); Tail: Must be polar; MW 335: Out of range 350-600
Quinazoline-Phenyl-VinylSulfonamide-MethylPiperazine,Quinazoline,Phenyl,VinylSulfonamide,MethylPiperazine,414,REJECT,Anchor: Steric clash w/ GLY60; Anchor: Steric violation (GLY60)
Quinazoline-Phenyl-VinylSulfonamide-Morpholine,Quinazoline,Phenyl,VinylSulfonamide,Morpholine,401,REJECT,Anchor: Steric clash w/ GLY60; Anchor: Steric violation (GLY60)
Quinazoline-Phenyl-VinylSulfonamide-Dimethylamine,Quinazoline,Phenyl,VinylSulfonamide,Dimethylamine,359,REJECT,Anchor: Steric clash w/ GLY60; Anchor: Steric violation (GLY60)
Quinazoline-Phenyl-VinylSulfonamide-t-Butyl,Quinazoline,Phenyl,VinylSulfonamide,t-Butyl,371,REJECT,Anchor: Steric clash w/ GLY60; Tail: Too hydrophobic; Anchor: Steric violation (GLY60); Tail: Must be polar
Quinazoline-Phenyl-Chloroacetamide-MethylPiperazine,Quinazoline,Phenyl,Chloroacetamide,MethylPiperazine,400,REJECT,Anchor: Steric clash w/ GLY60; Anchor: Steric violation (GLY60)
Quinazoline-Phenyl-Chloroacetamide-Morpholine,Quinazoline,Phenyl,Chloroacetamide,Morpholine,387,REJECT,Anchor: Steric clash w/ GLY60; Anchor: Steric violation (GLY60)
Quinazoline-Phenyl-Chloroacetamide-Dimethylamine,Quinazoline,Phenyl,Chloroacetamide,Dimethylamine,345,REJECT,Anchor: Steric clash w/ GLY60; Anchor: Steric violation (GLY60); MW 345: Out of range 350-600
Quinazoline-Phenyl-Chloroacetamide-t-Butyl,Quinazoline,Phenyl,Chloroacetamide,t-Butyl,357,REJECT,Anchor: Steric clash w/ GLY60; Tail: Too hydrophobic; Anchor: Steric violation (GLY60); Tail: Must be polar
Quinazoline-Phenyl-Propyl-MethylPiperazine,Quinazoline,Phenyl,Propyl,MethylPiperazine,350,REJECT,Anchor: Steric clash w/ GLY60; Warhead: Not electrophile; Warhead: Must be electrophile; Anchor: Steric violation (GLY60)
Quinazoline-Phenyl-Propyl-Morpholine,Quinazoline,Phenyl,Propyl,Morpholine,337,REJECT,Anchor: Steric clash w/ GLY60; Warhead: Not electrophile; Warhead: Must be electrophile; Anchor: Steric violation (GLY60); MW 337: Out of range 350-600
Quinazoline-Phenyl-Propyl-Dimethylamine,Quinazoline,Phenyl,Propyl,Dimethylamine,295,REJECT,Anchor: Steric clash w/ GLY60; Warhead: Not electrophile; Warhead: Must be electrophile; Anchor: Steric violation (GLY60); MW 295: Out of range 350-600
Quinazoline-Phenyl-Propyl-t-Butyl,Quinazoline,Phenyl,Propyl,t-Butyl,307,REJECT,Anchor: Steric clash w/ GLY60; Warhead: Not electrophile; Tail: Too hydrophobic; Warhead: Must be electrophile; Anchor: Steric violation (GLY60); Tail: Must be polar; MW 307: Out of range 350-600
Pyridopyrimidine-Isopropyl-Acrylamide-MethylPiperazine,Pyridopyrimidine,Isopropyl,Acrylamide,MethylPiperazine,345,REJECT,MW 345: Out of range 350-600
Pyridopyrimidine-Isopropyl-Acrylamide-Morpholine,Pyridopyrimidine,Isopropyl,Acrylamide,Morpholine,332,REJECT,MW 332: Out of range 350-600
Pyridopyrimidine-Isopropyl-Acrylamide-Dimethylamine,Pyridopyrimidine,Isopropyl,Acrylamide,Dimethylamine,290,REJECT,MW 290: Out of range 350-600
Pyridopyrimidine-Isopropyl-Acrylamide-t-Butyl,Pyridopyrimidine,Isopropyl,Acrylamide,t-Butyl,302,REJECT,Tail: Too hydrophobic; Tail: Must be polar; MW 302: Out of range 350-600
Pyridopyrimidine-Isopropyl-VinylSulfonamide-MethylPiperazine,Pyridopyrimidine,Isopropyl,VinylSulfonamide,MethylPiperazine,381,VALID,
Pyridopyrimidine-Isopropyl-VinylSulfonamide-Morpholine,Pyridopyrimidine,Isopropyl,VinylSulfonamide,Morpholine,368,VALID,
Pyridopyrimidine-Isopropyl-VinylSulfonamide-Dimethylamine,Pyridopyrimidine,Isopropyl,VinylSulfonamide,Dimethylamine,326,REJECT,MW 326: Out of range 350-600
Pyridopyrimidine-Isopropyl-VinylSulfonamide-t-Butyl,Pyridopyrimidine,Isopropyl,VinylSulfonamide,t-Butyl,338,REJECT,Tail: Too hydrophobic; Tail: Must be polar; MW 338: Out of range 350-600
Pyridopyrimidine-Isopropyl-Chloroacetamide-MethylPiperazine,Pyridopyrimidine,Isopropyl,Chloroacetamide,MethylPiperazine,367,VALID,
Pyridopyrimidine-Isopropyl-Chloroacetamide-Morpholine,Pyridopyrimidine,Isopropyl,Chloroacetamide,Morpholine,354,VALID,
Pyridopyrimidine-Isopropyl-Chloroacetamide-Dimethylamine,Pyridopyrimidine,Isopropyl,Chloroacetamide,Dimethylamine,312,REJECT,MW 312: Out of range 350-600
Pyridopyrimidine-Isopropyl-Chloroacetamide-t-Butyl,Pyridopyrimidine,Isopropyl,Chloroacetamide,t-Butyl,324,REJECT,Tail: Too hydrophobic; Tail: Must be polar; MW 324: Out of range 350-600
Pyridopyrimidine-Isopropyl-Propyl-MethylPiperazine,Pyridopyrimidine,Isopropyl,Propyl,MethylPiperazine,317,REJECT,Warhead: Not electrophile; Warhead: Must be electrophile; MW 317: Out of range 350-600
Pyridopyrimidine-Isopropyl-Propyl-Morpholine,Pyridopyrimidine,Isopropyl,Propyl,Morpholine,304,REJECT,Warhead: Not electrophile; Warhead: Must be electrophile; MW 304: Out of range 350-600
Pyridopyrimidine-Isopropyl-Propyl-Dimethylamine,Pyridopyrimidine,Isopropyl,Propyl,Dimethylamine,262,REJECT,Warhead: Not electrophile; Warhead: Must be electrophile; MW 262: Out of range 350-600
Pyridopyrimidine-Isopropyl-Propyl-t-Butyl,Pyridopyrimidine,Isopropyl,Propyl,t-Butyl,274,REJECT,Warhead: Not electrophile; Tail: Too hydrophobic; Warhead: Must be electrophile; Tail: Must be polar; MW 274: Out of range 350-600
Pyridopyrimidine-Methyl-Acrylamide-MethylPiperazine,Pyridopyrimidine,Methyl,Acrylamide,MethylPiperazine,317,REJECT,MW 317: Out of range 350-600
Pyridopyrimidine-Methyl-Acrylamide-Morpholine,Pyridopyrimidine,Methyl,Acrylamide,Morpholine,304,REJECT,MW 304: Out of range 350-600
Pyridopyrimidine-Methyl-Acrylamide-Dimethylamine,Pyridopyrimidine,Methyl,Acrylamide,Dimethylamine,262,REJECT,MW 262: Out of range 350-600
Pyridopyrimidine-Methyl-Acrylamide-t-Butyl,Pyridopyrimidine,Methyl,Acrylamide,t-Butyl,274,REJECT,Tail: Too hydrophobic; Tail: Must be polar; MW 274: Out of range 350-600
Pyridopyrimidine-Methyl-VinylSulfonamide-MethylPiperazine,Pyridopyrimidine,Methyl,VinylSulfonamide,MethylPiperazine,353,VALID,
Pyridopyrimidine-Methyl-VinylSulfonamide-Morpholine,Pyridopyrimidine,Methyl,VinylSulfonamide,Morpholine,340,REJECT,MW 340: Out of range 350-600
Pyridopyrimidine-Methyl-VinylSulfonamide-Dimethylamine,Pyridopyrimidine,Methyl,VinylSulfonamide,Dimethylamine,298,REJECT,MW 298: Out of range 350-600
Pyridopyrimidine-Methyl-VinylSulfonamide-t-Butyl,Pyridopyrimidine,Methyl,VinylSulfonamide,t-Butyl,310,REJECT,Tail: Too hydrophobic; Tail: Must be polar; MW 310: Out of range 350-600
Pyridopyrimidine-Methyl-Chloroacetamide-MethylPiperazine,Pyridopyrimidine,Methyl,Chloroacetamide,MethylPiperazine,339,REJECT,MW 339: Out of range 350-600
Pyridopyrimidine-Methyl-Chloroacetamide-Morpholine,Pyridopyrimidine,Methyl,Chloroacetamide,Morpholine,326,REJECT,MW 326: Out of range 350-600
Pyridopyrimidine-Methyl-Chloroacetamide-Dimethylamine,Pyridopyrimidine,Methyl,Chloroacetamide,Dimethylamine,284,REJECT,MW 284: Out of range 350-600
Pyridopyrimidine-Methyl-Chloroacetamide-t-Butyl,Pyridopyrimidine,Methyl,Chloroacetamide,t-Butyl,296,REJECT,Tail: Too hydrophobic; Tail: Must be polar; MW 296: Out of range 350-600
Pyridopyrimidine-Methyl-Propyl-MethylPiperazine,Pyridopyrimidine,Methyl,Propyl,MethylPiperazine,289,REJECT,Warhead: Not electrophile; Warhead: Must be electrophile; MW 289: Out of range 350-600
Pyridopyrimidine-Methyl-Propyl-Morpholine,Pyridopyrimidine,Methyl,Propyl,Morpholine,276,REJECT,Warhead: Not electrophile; Warhead: Must be electrophile; MW 276: Out of range 350-600
Pyridopyrimidine-Methyl-Propyl-Dimethylamine,Pyridopyrimidine,Methyl,Propyl,Dimethylamine,234,REJECT,Warhead: Not electrophile; Warhead: Must be electrophile; MW 234: Out of range 350-600
Pyridopyrimidine-Methyl-Propyl-t-Butyl,Pyridopyrimidine,Methyl,Propyl,t-Butyl,246,REJECT,Warhead: Not electrophile; Tail: Too hydrophobic; Warhead: Must be electrophile; Tail: Must be polar; MW 246: Out of range 350-600
Pyridopyrimidine-Fluorine-Acrylamide-MethylPiperazine,Pyridopyrimidine,Fluorine,Acrylamide,MethylPiperazine,321,REJECT,MW 321: Out of range 350-600
Pyridopyrimidine-Fluorine-Acrylamide-Morpholine,Pyridopyrimidine,Fluorine,Acrylamide,Morpholine,308,REJECT,MW 308: Out of range 350-600
Pyridopyrimidine-Fluorine-Acrylamide-Dimethylamine,Pyridopyrimidine,Fluorine,Acrylamide,Dimethylamine,266,REJECT,MW 266: Out of range 350-600
Pyridopyrimidine-Fluorine-Acrylamide-t-Butyl,Pyridopyrimidine,Fluorine,Acrylamide,t-Butyl,278,REJECT,Tail: Too hydrophobic; Tail: Must be polar; MW 278: Out of range 350-600
Pyridopyrimidine-Fluorine-VinylSulfonamide-MethylPiperazine,Pyridopyrimidine,Fluorine,VinylSulfonamide,MethylPiperazine,357,VALID,
Pyridopyrimidine-Fluorine-VinylSulfonamide-Morpholine,Pyridopyrimidine,Fluorine,VinylSulfonamide,Morpholine,344,REJECT,MW 344: Out of range 350-600
Pyridopyrimidine-Fluorine-VinylSulfonamide-Dimethylamine,Pyridopyrimidine,Fluorine,VinylSulfonamide,Dimethylamine,302,REJECT,MW 302: Out of range 350-600
Pyridopyrimidine-Fluorine-VinylSulfonamide-t-Butyl,Pyridopyrimidine,Fluorine,VinylSulfonamide,t-Butyl,314,REJECT,Tail: Too hydrophobic; Tail: Must be polar; MW 314: Out of range 350-600
Pyridopyrimidine-Fluorine-Chloroacetamide-MethylPiperazine,Pyridopyrimidine,Fluorine,Chloroacetamide,MethylPiperazine,343,REJECT,MW 343: Out of range 350-600
Pyridopyrimidine-Fluorine-Chloroacetamide-Morpholine,Pyridopyrimidine,Fluorine,Chloroacetamide,Morpholine,330,REJECT,MW 330: Out of range 350-600
Pyridopyrimidine-Fluorine-Chloroacetamide-Dimethylamine,Pyridopyrimidine,Fluorine,Chloroacetamide,Dimethylamine,288,REJECT,MW 288: Out of range 350-600
Pyridopyrimidine-Fluorine-Chloroacetamide-t-Butyl,Pyridopyrimidine,Fluorine,Chloroacetamide,t-Butyl,300,REJECT,Tail: Too hydrophobic; Tail: Must be polar; MW 300: Out of range 350-600
Pyridopyrimidine-Fluorine-Propyl-MethylPiperazine,Pyridopyrimidine,Fluorine,Propyl,MethylPiperazine,293,REJECT,Warhead: Not electrophile; Warhead: Must be electrophile; MW 293: Out of range 350-600
Pyridopyrimidine-Fluorine-Propyl-Morpholine,Pyridopyrimidine,Fluorine,Propyl,Morpholine,280,REJECT,Warhead: Not electrophile; Warhead: Must be electrophile; MW 280: Out of range 350-600
Pyridopyrimidine-Fluorine-Propyl-Dimethylamine,Pyridopyrimidine,Fluorine,Propyl,Dimethylamine,238,REJECT,Warhead: Not electrophile; Warhead: Must be electrophile; MW 238: Out of range 350-600
Pyridopyrimidine-Fluorine-Propyl-t-Butyl,Pyridopyrimidine,Fluorine,Propyl,t-Butyl,250,REJECT,Warhead: Not electrophile; Tail: Too hydrophobic; Warhead: Must be electrophile; Tail: Must be polar; MW 250: Out of range 350-600
Pyridopyrimidine-Phenyl-Acrylamide-MethylPiperazine,Pyridopyrimidine,Phenyl,Acrylamide,MethylPiperazine,379,REJECT,Anchor: Steric clash w/ GLY60; Anchor: Steric violation (GLY60)
Pyridopyrimidine-Phenyl-Acrylamide-Morpholine,Pyridopyrimidine,Phenyl,Acrylamide,Morpholine,366,REJECT,Anchor: Steric clash w/ GLY60; Anchor: Steric violation (GLY60)
Pyridopyrimidine-Phenyl-Acrylamide-Dimethylamine,Pyridopyrimidine,Phenyl,Acrylamide,Dimethylamine,324,REJECT,Anchor: Steric clash w/ GLY60; Anchor: Steric violation (GLY60); MW 324: Out of range 350-600
Pyridopyrimidine-Phenyl-Acrylamide-t-Butyl,Pyridopyrimidine,Phenyl,Acrylamide,t-Butyl,336,REJECT,Anchor: Steric clash w/ GLY60; Tail: Too hydrophobic; Anchor: Steric violation (GLY60); Tail: Must be polar; MW 336: Out of range 350-600
Pyridopyrimidine-Phenyl-VinylSulfonamide-MethylPiperazine,Pyridopyrimidine,Phenyl,VinylSulfonamide,MethylPiperazine,415,REJECT,Anchor: Steric clash w/ GLY60; Anchor: Steric violation (GLY60)
Pyridopyrimidine-Phenyl-VinylSulfonamide-Morpholine,Pyridopyrimidine,Phenyl,VinylSulfonamide,Morpholine,402,REJECT,Anchor: Steric clash w/ GLY60; Anchor: Steric violation (GLY60)
Pyridopyrimidine-Phenyl-VinylSulfonamide-Dimethylamine,Pyridopyrimidine,Phenyl,VinylSulfonamide,Dimethylamine,360,REJECT,Anchor: Steric clash w/ GLY60; Anchor: Steric violation (GLY60)
Pyridopyrimidine-Phenyl-VinylSulfonamide-t-Butyl,Pyridopyrimidine,Phenyl,VinylSulfonamide,t-Butyl,372,REJECT,Anchor: Steric clash w/ GLY60; Tail: Too hydrophobic; Anchor: Steric violation (GLY60); Tail: Must be polar
Pyridopyrimidine-Phenyl-Chloroacetamide-MethylPiperazine,Pyridopyrimidine,Phenyl,Chloroacetamide,MethylPiperazine,401,REJECT,Anchor: Steric clash w/ GLY60; Anchor: Steric violation (GLY60)
Pyridopyrimidine-Phenyl-Chloroacetamide-Morpholine,Pyridopyrimidine,Phenyl,Chloroacetamide,Morpholine,388,REJECT,Anchor: Steric clash w/ GLY60; Anchor: Steric violation (GLY60)
Pyridopyrimidine-Phenyl-Chloroacetamide-Dimethylamine,Pyridopyrimidine,Phenyl,Chloroacetamide,Dimethylamine,346,REJECT,Anchor: Steric clash w/ GLY60; Anchor: Steric violation (GLY60); MW 346: Out of range 350-600
Pyridopyrimidine-Phenyl-Chloroacetamide-t-Butyl,Pyridopyrimidine,Phenyl,Chloroacetamide,t-Butyl,358,REJECT,Anchor: Steric clash w/ GLY60; Tail: Too hydrophobic; Anchor: Steric violation (GLY60); Tail: Must be polar
Pyridopyrimidine-Phenyl-Propyl-MethylPiperazine,Pyridopyrimidine,Phenyl,Propyl,MethylPiperazine,351,REJECT,Anchor: Steric clash w/ GLY60; Warhead: Not electrophile; Warhead: Must be electrophile; Anchor: Steric violation (GLY60)
Pyridopyrimidine-Phenyl-Propyl-Morpholine,Pyridopyrimidine,Phenyl,Propyl,Morpholine,338,REJECT,Anchor: Steric clash w/ GLY60; Warhead: Not electrophile; Warhead: Must be electrophile; Anchor: Steric violation (GLY60); MW 338: Out of range 350-600
Pyridopyrimidine-Phenyl-Propyl-Dimethylamine,Pyridopyrimidine,Phenyl,Propyl,Dimethylamine,296,REJECT,Anchor: Steric clash w/ GLY60; Warhead: Not electrophile; Warhead: Must be electrophile; Anchor: Steric violation (GLY60); MW 296: Out of range 350-600
Pyridopyrimidine-Phenyl-Propyl-t-Butyl,Pyridopyrimidine,Phenyl,Propyl,t-Butyl,308,REJECT,Anchor: Steric clash w/ GLY60; Warhead: Not electrophile; Tail: Too hydrophobic; Warhead: Must be electrophile; Anchor: Steric violation (GLY60); Tail: Must be polar; MW 308: Out of range 350-600
Indole-Isopropyl-Acrylamide-MethylPiperazine,Indole,Isopropyl,Acrylamide,MethylPiperazine,331,REJECT,MW 331: Out of range 350-600
Indole-Isopropyl-Acrylamide-Morpholine,Indole,Isopropyl,Acrylamide,Morpholine,318,REJECT,MW 318: Out of range 350-600
Indole-Isopropyl-Acrylamide-Dimethylamine,Indole,Isopropyl,Acrylamide,Dimethylamine,276,REJECT,MW 276: Out of range 350-600
Indole-Isopropyl-Acrylamide-t-Butyl,Indole,Isopropyl,Acrylamide,t-Butyl,288,REJECT,Tail: Too hydrophobic; Tail: Must be polar; MW 288: Out of range 350-600
Indole-Isopropyl-VinylSulfonamide-MethylPiperazine,Indole,Isopropyl,VinylSulfonamide,MethylPiperazine,367,VALID,
Indole-Isopropyl-VinylSulfonamide-Morpholine,Indole,Isopropyl,VinylSulfonamide,Morpholine,354,VALID,
Indole-Isopropyl-VinylSulfonamide-Dimethylamine,Indole,Isopropyl,VinylSulfonamide,Dimethylamine,312,REJECT,MW 312: Out of range 350-600
Indole-Isopropyl-VinylSulfonamide-t-Butyl,Indole,Isopropyl,VinylSulfonamide,t-Butyl,324,REJECT,Tail: Too hydrophobic; Tail: Must be polar; MW 324: Out of range 350-600
Indole-Isopropyl-Chloroacetamide-MethylPiperazine,Indole,Isopropyl,Chloroacetamide,MethylPiperazine,353,VALID,
Indole-Isopropyl-Chloroacetamide-Morpholine,Indole,Isopropyl,Chloroacetamide,Morpholine,340,REJECT,MW 340: Out of range 350-600
Indole-Isopropyl-Chloroacetamide-Dimethylamine,Indole,Isopropyl,Chloroacetamide,Dimethylamine,298,REJECT,MW 298: Out of range 350-600
Indole-Isopropyl-Chloroacetamide-t-Butyl,Indole,Isopropyl,Chloroacetamide,t-Butyl,310,REJECT,Tail: Too hydrophobic; Tail: Must be polar; MW 310: Out of range 350-600
Indole-Isopropyl-Propyl-MethylPiperazine,Indole,Isopropyl,Propyl,MethylPiperazine,303,REJECT,Warhead: Not electrophile; Warhead: Must be electrophile; MW 303: Out of range 350-600
Indole-Isopropyl-Propyl-Morpholine,Indole,Isopropyl,Propyl,Morpholine,290,REJECT,Warhead: Not electrophile; Warhead: Must be electrophile; MW 290: Out of range 350-600
Indole-Isopropyl-Propyl-Dimethylamine,Indole,Isopropyl,Propyl,Dimethylamine,248,REJECT,Warhead: Not electrophile; Warhead: Must be electrophile; MW 248: Out of range 350-600
Indole-Isopropyl-Propyl-t-Butyl,Indole,Isopropyl,Propyl,t-Butyl,260,REJECT,Warhead: Not electrophile; Tail: Too hydrophobic; Warhead: Must be electrophile; Tail: Must be polar; MW 260: Out of range 350-600
Indole-Methyl-Acrylamide-MethylPiperazine,Indole,Methyl,Acrylamide,MethylPiperazine,303,REJECT,MW 303: Out of range 350-600
Indole-Methyl-Acrylamide-Morpholine,Indole,Methyl,Acrylamide,Morpholine,290,REJECT,MW 290: Out of range 350-600
Indole-Methyl-Acrylamide-Dimethylamine,Indole,Methyl,Acrylamide,Dimethylamine,248,REJECT,MW 248: Out of range 350-600
Indole-Methyl-Acrylamide-t-Butyl,Indole,Methyl,Acrylamide,t-Butyl,260,REJECT,Tail: Too hydrophobic; Tail: Must be polar; MW 260: Out of range 350-600
Indole-Methyl-VinylSulfonamide-MethylPiperazine,Indole,Methyl,VinylSulfonamide,MethylPiperazine,339,REJECT,MW 339: Out of range 350-600
Indole-Methyl-VinylSulfonamide-Morpholine,Indole,Methyl,VinylSulfonamide,Morpholine,326,REJECT,MW 326: Out of range 350-600
Indole-Methyl-VinylSulfonamide-Dimethylamine,Indole,Methyl,VinylSulfonamide,Dimethylamine,284,REJECT,MW 284: Out of range 350-600
Indole-Methyl-VinylSulfonamide-t-Butyl,Indole,Methyl,VinylSulfonamide,t-Butyl,296,REJECT,Tail: Too hydrophobic; Tail: Must be polar; MW 296: Out of range 350-600
Indole-Methyl-Chloroacetamide-MethylPiperazine,Indole,Methyl,Chloroacetamide,MethylPiperazine,325,REJECT,MW 325: Out of range 350-600
Indole-Methyl-Chloroacetamide-Morpholine,Indole,Methyl,Chloroacetamide,Morpholine,312,REJECT,MW 312: Out of range 350-600
Indole-Methyl-Chloroacetamide-Dimethylamine,Indole,Methyl,Chloroacetamide,Dimethylamine,270,REJECT,MW 270: Out of range 350-600
Indole-Methyl-Chloroacetamide-t-Butyl,Indole,Methyl,Chloroacetamide,t-Butyl,282,REJECT,Tail: Too hydrophobic; Tail: Must be polar; MW 282: Out of range 350-600
Indole-Methyl-Propyl-MethylPiperazine,Indole,Methyl,Propyl,MethylPiperazine,275,REJECT,Warhead: Not electrophile; Warhead: Must be electrophile; MW 275: Out of range 350-600
Indole-Methyl-Propyl-Morpholine,Indole,Methyl,Propyl,Morpholine,262,REJECT,Warhead: Not electrophile; Warhead: Must be electrophile; MW 262: Out of range 350-600
Indole-Methyl-Propyl-Dimethylamine,Indole,Methyl,Propyl,Dimethylamine,220,REJECT,Warhead: Not electrophile; Warhead: Must be electrophile; MW 220: Out of range 350-600
Indole-Methyl-Propyl-t-Butyl,Indole,Methyl,Propyl,t-Butyl,232,REJECT,Warhead: Not electrophile; Tail: Too hydrophobic; Warhead: Must be electrophile; Tail: Must be polar; MW 232: Out of range 350-600
Indole-Fluorine-Acrylamide-MethylPiperazine,Indole,Fluorine,Acrylamide,MethylPiperazine,307,REJECT,MW 307: Out of range 350-600
Indole-Fluorine-Acrylamide-Morpholine,Indole,Fluorine,Acrylamide,Morpholine,294,REJECT,MW 294: Out of range 350-600
Indole-Fluorine-Acrylamide-Dimethylamine,Indole,Fluorine,Acrylamide,Dimethylamine,252,REJECT,MW 252: Out of range 350-600
Indole-Fluorine-Acrylamide-t-Butyl,Indole,Fluorine,Acrylamide,t-Butyl,264,REJECT,Tail: Too hydrophobic; Tail: Must be polar; MW 264: Out of range 350-600
Indole-Fluorine-VinylSulfonamide-MethylPiperazine,Indole,Fluorine,VinylSulfonamide,MethylPiperazine,343,REJECT,MW 343: Out of range 350-600
Indole-Fluorine-VinylSulfonamide-Morpholine,Indole,Fluorine,VinylSulfonamide,Morpholine,330,REJECT,MW 330: Out of range 350-600
Indole-Fluorine-VinylSulfonamide-Dimethylamine,Indole,Fluorine,VinylSulfonamide,Dimethylamine,288,REJECT,MW 288: Out of range 350-600
Indole-Fluorine-VinylSulfonamide-t-Butyl,Indole,Fluorine,VinylSulfonamide,t-Butyl,300,REJECT,Tail: Too hydrophobic; Tail: Must be polar; MW 300: Out of range 350-600
Indole-Fluorine-Chloroacetamide-MethylPiperazine,Indole,Fluorine,Chloroacetamide,MethylPiperazine,329,REJECT,MW 329: Out of range 350-600
Indole-Fluorine-Chloroacetamide-Morpholine,Indole,Fluorine,Chloroacetamide,Morpholine,316,REJECT,MW 316: Out of range 350-600
Indole-Fluorine-Chloroacetamide-Dimethylamine,Indole,Fluorine,Chloroacetamide,Dimethylamine,274,REJECT,MW 274: Out of range 350-600
Indole-Fluorine-Chloroacetamide-t-Butyl,Indole,Fluorine,Chloroacetamide,t-Butyl,286,REJECT,Tail: Too hydrophobic; Tail: Must be polar; MW 286: Out of range 350-600
Indole-Fluorine-Propyl-MethylPiperazine,Indole,Fluorine,Propyl,MethylPiperazine,279,REJECT,Warhead: Not electrophile; Warhead: Must be electrophile; MW 279: Out of range 350-600
Indole-Fluorine-Propyl-Morpholine,Indole,Fluorine,Propyl,Morpholine,266,REJECT,Warhead: Not electrophile; Warhead: Must be electrophile; MW 266: Out of range 350-600
Indole-Fluorine-Propyl-Dimethylamine,Indole,Fluorine,Propyl,Dimethylamine,224,REJECT,Warhead: Not electrophile; Warhead: Must be electrophile; MW 224: Out of range 350-600
Indole-Fluorine-Propyl-t-Butyl,Indole,Fluorine,Propyl,t-Butyl,236,REJECT,Warhead: Not electrophile; Tail: Too hydrophobic; Warhead: Must be electrophile; Tail: Must be polar; MW 236: Out of range 350-600
Indole-Phenyl-Acrylamide-MethylPiperazine,Indole,Phenyl,Acrylamide,MethylPiperazine,365,REJECT,Anchor: Steric clash w/ GLY60; Anchor: Steric violation (GLY60)
Indole-Phenyl-Acrylamide-Morpholine,Indole,Phenyl,Acrylamide,Morpholine,352,REJECT,Anchor: Steric clash w/ GLY60; Anchor: Steric violation (GLY60)
Indole-Phenyl-Acrylamide-Dimethylamine,Indole,Phenyl,Acrylamide,Dimethylamine,310,REJECT,Anchor: Steric clash w/ GLY60; Anchor: Steric violation (GLY60); MW 310: Out of range 350-600
Indole-Phenyl-Acrylamide-t-Butyl,Indole,Phenyl,Acrylamide,t-Butyl,322,REJECT,Anchor: Steric clash w/ GLY60; Tail: Too hydrophobic; Anchor: Steric violation (GLY60); Tail: Must be polar; MW 322: Out of range 350-600
Indole-Phenyl-VinylSulfonamide-MethylPiperazine,Indole,Phenyl,VinylSulfonamide,MethylPiperazine,401,REJECT,Anchor: Steric clash w/ GLY60; Anchor: Steric violation (GLY60)
Indole-Phenyl-VinylSulfonamide-Morpholine,Indole,Phenyl,VinylSulfonamide,Morpholine,388,REJECT,Anchor: Steric clash w/ GLY60; Anchor: Steric violation (GLY60)
Indole-Phenyl-VinylSulfonamide-Dimethylamine,Indole,Phenyl,VinylSulfonamide,Dimethylamine,346,REJECT,Anchor: Steric clash w/ GLY60; Anchor: Steric violation (GLY60); MW 346: Out of range 350-600
Indole-Phenyl-VinylSulfonamide-t-Butyl,Indole,Phenyl,VinylSulfonamide,t-Butyl,358,REJECT,Anchor: Steric clash w/ GLY60; Tail: Too hydrophobic; Anchor: Steric violation (GLY60); Tail: Must be polar
Indole-Phenyl-Chloroacetamide-MethylPiperazine,Indole,Phenyl,Chloroacetamide,MethylPiperazine,387,REJECT,Anchor: Steric clash w/ GLY60; Anchor: Steric violation (GLY60)
Indole-Phenyl-Chloroacetamide-Morpholine,Indole,Phenyl,Chloroacetamide,Morpholine,374,REJECT,Anchor: Steric clash w/ GLY60; Anchor: Steric violation (GLY60)
Indole-Phenyl-Chloroacetamide-Dimethylamine,Indole,Phenyl,Chloroacetamide,Dimethylamine,332,REJECT,Anchor: Steric clash w/ GLY60; Anchor: Steric violation (GLY60); MW 332: Out of range 350-600
Indole-Phenyl-Chloroacetamide-t-Butyl,Indole,Phenyl,Chloroacetamide,t-Butyl,344,REJECT,Anchor: Steric clash w/ GLY60; Tail: Too hydrophobic; Anchor: Steric violation (GLY60); Tail: Must be polar; MW 344: Out of range 350-600
Indole-Phenyl-Propyl-MethylPiperazine,Indole,Phenyl,Propyl,MethylPiperazine,337,REJECT,Anchor: Steric clash w/ GLY60; Warhead: Not electrophile; Warhead: Must be electrophile; Anchor: Steric violation (GLY60); MW 337: Out of range 350-600
Indole-Phenyl-Propyl-Morpholine,Indole,Phenyl,Propyl,Morpholine,324,REJECT,Anchor: Steric clash w/ GLY60; Warhead: Not electrophile; Warhead: Must be electrophile; Anchor: Steric violation (GLY60); MW 324: Out of range 350-600
Indole-Phenyl-Propyl-Dimethylamine,Indole,Phenyl,Propyl,Dimethylamine,282,REJECT,Anchor: Steric clash w/ GLY60; Warhead: Not electrophile; Warhead: Must be electrophile; Anchor: Steric violation (GLY60); MW 282: Out of range 350-600
Indole-Phenyl-Propyl-t-Butyl,Indole,Phenyl,Propyl,t-Butyl,294,REJECT,Anchor: Steric clash w/ GLY60; Warhead: Not electrophile; Tail: Too hydrophobic; Warhead: Must be electrophile; Anchor: Steric violation (GLY60); Tail: Must be polar; MW 294: Out of range 350-600
Purine-Isopropyl-Acrylamide-MethylPiperazine,Purine,Isopropyl,Acrylamide,MethylPiperazine,334,REJECT,MW 334: Out of range 350-600
Purine-Isopropyl-Acrylamide-Morpholine,Purine,Isopropyl,Acrylamide,Morpholine,321,REJECT,MW 321: Out of range 350-600
Purine-Isopropyl-Acrylamide-Dimethylamine,Purine,Isopropyl,Acrylamide,Dimethylamine,279,REJECT,MW 279: Out of range 350-600
Purine-Isopropyl-Acrylamide-t-Butyl,Purine,Isopropyl,Acrylamide,t-Butyl,291,REJECT,Tail: Too hydrophobic; Tail: Must be polar; MW 291: Out of range 350-600
Purine-Isopropyl-VinylSulfonamide-MethylPiperazine,Purine,Isopropyl,VinylSulfonamide,MethylPiperazine,370,VALID,
Purine-Isopropyl-VinylSulfonamide-Morpholine,Purine,Isopropyl,VinylSulfonamide,Morpholine,357,VALID,
Purine-Isopropyl-VinylSulfonamide-Dimethylamine,Purine,Isopropyl,VinylSulfonamide,Dimethylamine,315,REJECT,MW 315: Out of range 350-600
Purine-Isopropyl-VinylSulfonamide-t-Butyl,Purine,Isopropyl,VinylSulfonamide,t-Butyl,327,REJECT,Tail: Too hydrophobic; Tail: Must be polar; MW 327: Out of range 350-600
Purine-Isopropyl-Chloroacetamide-MethylPiperazine,Purine,Isopropyl,Chloroacetamide,MethylPiperazine,356,VALID,
Purine-Isopropyl-Chloroacetamide-Morpholine,Purine,Isopropyl,Chloroacetamide,Morpholine,343,REJECT,MW 343: Out of range 350-600
Purine-Isopropyl-Chloroacetamide-Dimethylamine,Purine,Isopropyl,Chloroacetamide,Dimethylamine,301,REJECT,MW 301: Out of range 350-600
Purine-Isopropyl-Chloroacetamide-t-Butyl,Purine,Isopropyl,Chloroacetamide,t-Butyl,313,REJECT,Tail: Too hydrophobic; Tail: Must be polar; MW 313: Out of range 350-600
Purine-Isopropyl-Propyl-MethylPiperazine,Purine,Isopropyl,Propyl,MethylPiperazine,306,REJECT,Warhead: Not electrophile; Warhead: Must be electrophile; MW 306: Out of range 350-600
Purine-Isopropyl-Propyl-Morpholine,Purine,Isopropyl,Propyl,Morpholine,293,REJECT,Warhead: Not electrophile; Warhead: Must be electrophile; MW 293: Out of range 350-600
Purine-Isopropyl-Propyl-Dimethylamine,Purine,Isopropyl,Propyl,Dimethylamine,251,REJECT,Warhead: Not electrophile; Warhead: Must be electrophile; MW 251: Out of range 350-600
Purine-Isopropyl-Propyl-t-Butyl,Purine,Isopropyl,Propyl,t-Butyl,263,REJECT,Warhead: Not electrophile; Tail: Too hydrophobic; Warhead: Must be electrophile; Tail: Must be polar; MW 263: Out of range 350-600
Purine-Methyl-Acrylamide-MethylPiperazine,Purine,Methyl,Acrylamide,MethylPiperazine,306,REJECT,MW 306: Out of range 350-600
Purine-Methyl-Acrylamide-Morpholine,Purine,Methyl,Acrylamide,Morpholine,293,REJECT,MW 293: Out of range 350-600
Purine-Methyl-Acrylamide-Dimethylamine,Purine,Methyl,Acrylamide,Dimethylamine,251,REJECT,MW 251: Out of range 350-600
Purine-Methyl-Acrylamide-t-Butyl,Purine,Methyl,Acrylamide,t-Butyl,263,REJECT,Tail: Too hydrophobic; Tail: Must be polar; MW 263: Out of range 350-600
Purine-Methyl-VinylSulfonamide-MethylPiperazine,Purine,Methyl,VinylSulfonamide,MethylPiperazine,342,REJECT,MW 342: Out of range 350-600
Purine-Methyl-VinylSulfonamide-Morpholine,Purine,Methyl,VinylSulfonamide,Morpholine,329,REJECT,MW 329: Out of range 350-600
Purine-Methyl-VinylSulfonamide-Dimethylamine,Purine,Methyl,VinylSulfonamide,Dimethylamine,287,REJECT,MW 287: Out of range 350-600
Purine-Methyl-VinylSulfonamide-t-Butyl,Purine,Methyl,VinylSulfonamide,t-Butyl,299,REJECT,Tail: Too hydrophobic; Tail: Must be polar; MW 299: Out of range 350-600
Purine-Methyl-Chloroacetamide-MethylPiperazine,Purine,Methyl,Chloroacetamide,MethylPiperazine,328,REJECT,MW 328: Out of range 350-600
Purine-Methyl-Chloroacetamide-Morpholine,Purine,Methyl,Chloroacetamide,Morpholine,315,REJECT,MW 315: Out of range 350-600
Purine-Methyl-Chloroacetamide-Dimethylamine,Purine,Methyl,Chloroacetamide,Dimethylamine,273,REJECT,MW 273: Out of range 350-600
Purine-Methyl-Chloroacetamide-t-Butyl,Purine,Methyl,Chloroacetamide,t-Butyl,285,REJECT,Tail: Too hydrophobic; Tail: Must be polar; MW 285: Out of range 350-600
Purine-Methyl-Propyl-MethylPiperazine,Purine,Methyl,Propyl,MethylPiperazine,278,REJECT,Warhead: Not electrophile; Warhead: Must be electrophile; MW 278: Out of range 350-600
Purine-Methyl-Propyl-Morpholine,Purine,Methyl,Propyl,Morpholine,265,REJECT,Warhead: Not electrophile; Warhead: Must be electrophile; MW 265: Out of range 350-600
Purine-Methyl-Propyl-Dimethylamine,Purine,Methyl,Propyl,Dimethylamine,223,REJECT,Warhead: Not electrophile; Warhead: Must be electrophile; MW 223: Out of range 350-600
Purine-Methyl-Propyl-t-Butyl,Purine,Methyl,Propyl,t-Butyl,235,REJECT,Warhead: Not electrophile; Tail: Too hydrophobic; Warhead: Must be electrophile; Tail: Must be polar; MW 235: Out of range 350-600
Purine-Fluorine-Acrylamide-MethylPiperazine,Purine,Fluorine,Acrylamide,MethylPiperazine,310,REJECT,MW 310: Out of range 350-600
Purine-Fluorine-Acrylamide-Morpholine,Purine,Fluorine,Acrylamide,Morpholine,297,REJECT,MW 297: Out of range 350-600
Purine-Fluorine-Acrylamide-Dimethylamine,Purine,Fluorine,Acrylamide,Dimethylamine,255,REJECT,MW 255: Out of range 350-600
Purine-Fluorine-Acrylamide-t-Butyl,Purine,Fluorine,Acrylamide,t-Butyl,267,REJECT,Tail: Too hydrophobic; Tail: Must be polar; MW 267: Out of range 350-600
Purine-Fluorine-VinylSulfonamide-MethylPiperazine,Purine,Fluorine,VinylSulfonamide,MethylPiperazine,346,REJECT,MW 346: Out of range 350-600
Purine-Fluorine-VinylSulfonamide-Morpholine,Purine,Fluorine,VinylSulfonamide,Morpholine,333,REJECT,MW 333: Out of range 350-600
Purine-Fluorine-VinylSulfonamide-Dimethylamine,Purine,Fluorine,VinylSulfonamide,Dimethylamine,291,REJECT,MW 291: Out of range 350-600
Purine-Fluorine-VinylSulfonamide-t-Butyl,Purine,Fluorine,VinylSulfonamide,t-Butyl,303,REJECT,Tail: Too hydrophobic; Tail: Must be polar; MW 303: Out of range 350-600
Purine-Fluorine-Chloroacetamide-MethylPiperazine,Purine,Fluorine,Chloroacetamide,MethylPiperazine,332,REJECT,MW 332: Out of range 350-600
Purine-Fluorine-Chloroacetamide-Morpholine,Purine,Fluorine,Chloroacetamide,Morpholine,319,REJECT,MW 319: Out of range 350-600
Purine-Fluorine-Chloroacetamide-Dimethylamine,Purine,Fluorine,Chloroacetamide,Dimethylamine,277,REJECT,MW 277: Out of range 350-600
Purine-Fluorine-Chloroacetamide-t-Butyl,Purine,Fluorine,Chloroacetamide,t-Butyl,289,REJECT,Tail: Too hydrophobic; Tail: Must be polar; MW 289: Out of range 350-600
Purine-Fluorine-Propyl-MethylPiperazine,Purine,Fluorine,Propyl,MethylPiperazine,282,REJECT,Warhead: Not electrophile; Warhead: Must be electrophile; MW 282: Out of range 350-600
Purine-Fluorine-Propyl-Morpholine,Purine,Fluorine,Propyl,Morpholine,269,REJECT,Warhead: Not electrophile; Warhead: Must be electrophile; MW 269: Out of range 350-600
Purine-Fluorine-Propyl-Dimethylamine,Purine,Fluorine,Propyl,Dimethylamine,227,REJECT,Warhead: Not electrophile; Warhead: Must be electrophile; MW 227: Out of range 350-600
Purine-Fluorine-Propyl-t-Butyl,Purine,Fluorine,Propyl,t-Butyl,239,REJECT,Warhead: Not electrophile; Tail: Too hydrophobic; Warhead: Must be electrophile; Tail: Must be polar; MW 239: Out of range 350-600
Purine-Phenyl-Acrylamide-MethylPiperazine,Purine,Phenyl,Acrylamide,MethylPiperazine,368,REJECT,Anchor: Steric clash w/ GLY60; Anchor: Steric violation (GLY60)
Purine-Phenyl-Acrylamide-Morpholine,Purine,Phenyl,Acrylamide,Morpholine,355,REJECT,Anchor: Steric clash w/ GLY60; Anchor: Steric violation (GLY60)
Purine-Phenyl-Acrylamide-Dimethylamine,Purine,Phenyl,Acrylamide,Dimethylamine,313,REJECT,Anchor: Steric clash w/ GLY60; Anchor: Steric violation (GLY60); MW 313: Out of range 350-600
Purine-Phenyl-Acrylamide-t-Butyl,Purine,Phenyl,Acrylamide,t-Butyl,325,REJECT,Anchor: Steric clash w/ GLY60; Tail: Too hydrophobic; Anchor: Steric violation (GLY60); Tail: Must be polar; MW 325: Out of range 350-600
Purine-Phenyl-VinylSulfonamide-MethylPiperazine,Purine,Phenyl,VinylSulfonamide,MethylPiperazine,404,REJECT,Anchor: Steric clash w/ GLY60; Anchor: Steric violation (GLY60)
Purine-Phenyl-VinylSulfonamide-Morpholine,Purine,Phenyl,VinylSulfonamide,Morpholine,391,REJECT,Anchor: Steric clash w/ GLY60; Anchor: Steric violation (GLY60)
Purine-Phenyl-VinylSulfonamide-Dimethylamine,Purine,Phenyl,VinylSulfonamide,Dimethylamine,349,REJECT,Anchor: Steric clash w/ GLY60; Anchor: Steric violation (GLY60); MW 349: Out of range 350-600
Purine-Phenyl-VinylSulfonamide-t-Butyl,Purine,Phenyl,VinylSulfonamide,t-Butyl,361,REJECT,Anchor: Steric clash w/ GLY60; Tail: Too hydrophobic; Anchor: Steric violation (GLY60); Tail: Must be polar
Purine-Phenyl-Chloroacetamide-MethylPiperazine,Purine,Phenyl,Chloroacetamide,MethylPiperazine,390,REJECT,Anchor: Steric clash w/ GLY60; Anchor: Steric violation (GLY60)
Purine-Phenyl-Chloroacetamide-Morpholine,Purine,Phenyl,Chloroacetamide,Morpholine,377,REJECT,Anchor: Steric clash w/ GLY60; Anchor: Steric violation (GLY60)
Purine-Phenyl-Chloroacetamide-Dimethylamine,Purine,Phenyl,Chloroacetamide,Dimethylamine,335,REJECT,Anchor: Steric clash w/ GLY60; Anchor: Steric violation (GLY60); MW 335: Out of range 350-600
Purine-Phenyl-Chloroacetamide-t-Butyl,Purine,Phenyl,Chloroacetamide,t-Butyl,347,REJECT,Anchor: Steric clash w/ GLY60; Tail: Too hydrophobic; Anchor: Steric violation (GLY60); Tail: Must be polar; MW 347: Out of range 350-600
Purine-Phenyl-Propyl-MethylPiperazine,Purine,Phenyl,Propyl,MethylPiperazine,340,REJECT,Anchor: Steric clash w/ GLY60; Warhead: Not electrophile; Warhead: Must be electrophile; Anchor: Steric violation (GLY60); MW 340: Out of range 350-600
Purine-Phenyl-Propyl-Morpholine,Purine,Phenyl,Propyl,Morpholine,327,REJECT,Anchor: Steric clash w/ GLY60; Warhead: Not electrophile; Warhead: Must be electrophile; Anchor: Steric violation (GLY60); MW 327: Out of range 350-600
Purine-Phenyl-Propyl-Dimethylamine,Purine,Phenyl,Propyl,Dimethylamine,285,REJECT,Anchor: Steric clash w/ GLY60; Warhead: Not electrophile; Warhead: Must be electrophile; Anchor: Steric violation (GLY60); MW 285: Out of range 350-600
Purine-Phenyl-Propyl-t-Butyl,Purine,Phenyl,Propyl,t-Butyl,297,REJECT,Anchor: Steric clash w/ GLY60; Warhead: Not electrophile; Tail: Too hydrophobic; Warhead: Must be electrophile; Anchor: Steric violation (GLY60); Tail: Must be polar; MW 297: Out of range 350-600
Benzene-Isopropyl-Acrylamide-MethylPiperazine,Benzene,Isopropyl,Acrylamide,MethylPiperazine,292,REJECT,MW 292: Out of range 350-600
Benzene-Isopropyl-Acrylamide-Morpholine,Benzene,Isopropyl,Acrylamide,Morpholine,279,REJECT,MW 279: Out of range 350-600
Benzene-Isopropyl-Acrylamide-Dimethylamine,Benzene,Isopropyl,Acrylamide,Dimethylamine,237,REJECT,MW 237: Out of range 350-600
Benzene-Isopropyl-Acrylamide-t-Butyl,Benzene,Isopropyl,Acrylamide,t-Butyl,249,REJECT,Tail: Too hydrophobic; Tail: Must be polar; MW 249: Out of range 350-600
Benzene-Isopropyl-VinylSulfonamide-MethylPiperazine,Benzene,Isopropyl,VinylSulfonamide,MethylPiperazine,328,REJECT,MW 328: Out of range 350-600
Benzene-Isopropyl-VinylSulfonamide-Morpholine,Benzene,Isopropyl,VinylSulfonamide,Morpholine,315,REJECT,MW 315: Out of range 350-600
Benzene-Isopropyl-VinylSulfonamide-Dimethylamine,Benzene,Isopropyl,VinylSulfonamide,Dimethylamine,273,REJECT,MW 273: Out of range 350-600
Benzene-Isopropyl-VinylSulfonamide-t-Butyl,Benzene,Isopropyl,VinylSulfonamide,t-Butyl,285,REJECT,Tail: Too hydrophobic; Tail: Must be polar; MW 285: Out of range 350-600
Benzene-Isopropyl-Chloroacetamide-MethylPiperazine,Benzene,Isopropyl,Chloroacetamide,MethylPiperazine,314,REJECT,MW 314: Out of range 350-600
Benzene-Isopropyl-Chloroacetamide-Morpholine,Benzene,Isopropyl,Chloroacetamide,Morpholine,301,REJECT,MW 301: Out of range 350-600
Benzene-Isopropyl-Chloroacetamide-Dimethylamine,Benzene,Isopropyl,Chloroacetamide,Dimethylamine,259,REJECT,MW 259: Out of range 350-600
Benzene-Isopropyl-Chloroacetamide-t-Butyl,Benzene,Isopropyl,Chloroacetamide,t-Butyl,271,REJECT,Tail: Too hydrophobic; Tail: Must be polar; MW 271: Out of range 350-600
Benzene-Isopropyl-Propyl-MethylPiperazine,Benzene,Isopropyl,Propyl,MethylPiperazine,264,REJECT,Warhead: Not electrophile; Warhead: Must be electrophile; MW 264: Out of range 350-600
Benzene-Isopropyl-Propyl-Morpholine,Benzene,Isopropyl,Propyl,Morpholine,251,REJECT,Warhead: Not electrophile; Warhead: Must be electrophile; MW 251: Out of range 350-600
Benzene-Isopropyl-Propyl-Dimethylamine,Benzene,Isopropyl,Propyl,Dimethylamine,209,REJECT,Warhead: Not electrophile; Warhead: Must be electrophile; MW 209: Out of range 350-600
Benzene-Isopropyl-Propyl-t-Butyl,Benzene,Isopropyl,Propyl,t-Butyl,221,REJECT,Warhead: Not electrophile; Tail: Too hydrophobic; Warhead: Must be electrophile; Tail: Must be polar; MW 221: Out of range 350-600
Benzene-Methyl-Acrylamide-MethylPiperazine,Benzene,Methyl,Acrylamide,MethylPiperazine,264,REJECT,MW 264: Out of range 350-600
Benzene-Methyl-Acrylamide-Morpholine,Benzene,Methyl,Acrylamide,Morpholine,251,REJECT,MW 251: Out of range 350-600
Benzene-Methyl-Acrylamide-Dimethylamine,Benzene,Methyl,Acrylamide,Dimethylamine,209,REJECT,MW 209: Out of range 350-600
Benzene-Methyl-Acrylamide-t-Butyl,Benzene,Methyl,Acrylamide,t-Butyl,221,REJECT,Tail: Too hydrophobic; Tail: Must be polar; MW 221: Out of range 350-600
Benzene-Methyl-VinylSulfonamide-MethylPiperazine,Benzene,Methyl,VinylSulfonamide,MethylPiperazine,300,REJECT,MW 300: Out of range 350-600
Benzene-Methyl-VinylSulfonamide-Morpholine,Benzene,Methyl,VinylSulfonamide,Morpholine,287,REJECT,MW 287: Out of range 350-600
Benzene-Methyl-VinylSulfonamide-Dimethylamine,Benzene,Methyl,VinylSulfonamide,Dimethylamine,245,REJECT,MW 245: Out of range 350-600
Benzene-Methyl-VinylSulfonamide-t-Butyl,Benzene,Methyl,VinylSulfonamide,t-Butyl,257,REJECT,Tail: Too hydrophobic; Tail: Must be polar; MW 257: Out of range 350-600
Benzene-Methyl-Chloroacetamide-MethylPiperazine,Benzene,Methyl,Chloroacetamide,MethylPiperazine,286,REJECT,MW 286: Out of range 350-600
Benzene-Methyl-Chloroacetamide-Morpholine,Benzene,Methyl,Chloroacetamide,Morpholine,273,REJECT,MW 273: Out of range 350-600
Benzene-Methyl-Chloroacetamide-Dimethylamine,Benzene,Methyl,Chloroacetamide,Dimethylamine,231,REJECT,MW 231: Out of range 350-600
Benzene-Methyl-Chloroacetamide-t-Butyl,Benzene,Methyl,Chloroacetamide,t-Butyl,243,REJECT,Tail: Too hydrophobic; Tail: Must be polar; MW 243: Out of range 350-600
Benzene-Methyl-Propyl-MethylPiperazine,Benzene,Methyl,Propyl,MethylPiperazine,236,REJECT,Warhead: Not electrophile; Warhead: Must be electrophile; MW 236: Out of range 350-600
Benzene-Methyl-Propyl-Morpholine,Benzene,Methyl,Propyl,Morpholine,223,REJECT,Warhead: Not electrophile; Warhead: Must be electrophile; MW 223: Out of range 350-600
Benzene-Methyl-Propyl-Dimethylamine,Benzene,Methyl,Propyl,Dimethylamine,181,REJECT,Warhead: Not electrophile; Warhead: Must be electrophile; MW 181: Out of range 350-600
Benzene-Methyl-Propyl-t-Butyl,Benzene,Methyl,Propyl,t-Butyl,193,REJECT,Warhead: Not electrophile; Tail: Too hydrophobic; Warhead: Must be electrophile; Tail: Must be polar; MW 193: Out of range 350-600
Benzene-Fluorine-Acrylamide-MethylPiperazine,Benzene,Fluorine,Acrylamide,MethylPiperazine,268,REJECT,MW 268: Out of range 350-600
Benzene-Fluorine-Acrylamide-Morpholine,Benzene,Fluorine,Acrylamide,Morpholine,255,REJECT,MW 255: Out of range 350-600
Benzene-Fluorine-Acrylamide-Dimethylamine,Benzene,Fluorine,Acrylamide,Dimethylamine,213,REJECT,MW 213: Out of range 350-600
Benzene-Fluorine-Acrylamide-t-Butyl,Benzene,Fluorine,Acrylamide,t-Butyl,225,REJECT,Tail: Too hydrophobic; Tail: Must be polar; MW 225: Out of range 350-600
Benzene-Fluorine-VinylSulfonamide-MethylPiperazine,Benzene,Fluorine,VinylSulfonamide,MethylPiperazine,304,REJECT,MW 304: Out of range 350-600
Benzene-Fluorine-VinylSulfonamide-Morpholine,Benzene,Fluorine,VinylSulfonamide,Morpholine,291,REJECT,MW 291: Out of range 350-600
Benzene-Fluorine-VinylSulfonamide-Dimethylamine,Benzene,Fluorine,VinylSulfonamide,Dimethylamine,249,REJECT,MW 249: Out of range 350-600
Benzene-Fluorine-VinylSulfonamide-t-Butyl,Benzene,Fluorine,VinylSulfonamide,t-Butyl,261,REJECT,Tail: Too hydrophobic; Tail: Must be polar; MW 261: Out of range 350-600
Benzene-Fluorine-Chloroacetamide-MethylPiperazine,Benzene,Fluorine,Chloroacetamide,MethylPiperazine,290,REJECT,MW 290: Out of range 350-600
Benzene-Fluorine-Chloroacetamide-Morpholine,Benzene,Fluorine,Chloroacetamide,Morpholine,277,REJECT,MW 277: Out of range 350-600
Benzene-Fluorine-Chloroacetamide-Dimethylamine,Benzene,Fluorine,Chloroacetamide,Dimethylamine,235,REJECT,MW 235: Out of range 350-600
Benzene-Fluorine-Chloroacetamide-t-Butyl,Benzene,Fluorine,Chloroacetamide,t-Butyl,247,REJECT,Tail: Too hydrophobic; Tail: Must be polar; MW 247: Out of range 350-600
Benzene-Fluorine-Propyl-MethylPiperazine,Benzene,Fluorine,Propyl,MethylPiperazine,240,REJECT,Warhead: Not electrophile; Warhead: Must be electrophile; MW 240: Out of range 350-600
Benzene-Fluorine-Propyl-Morpholine,Benzene,Fluorine,Propyl,Morpholine,227,REJECT,Warhead: Not electrophile; Warhead: Must be electrophile; MW 227: Out of range 350-600
Benzene-Fluorine-Propyl-Dimethylamine,Benzene,Fluorine,Propyl,Dimethylamine,185,REJECT,Warhead: Not electrophile; Warhead: Must be electrophile; MW 185: Out of range 350-600
Benzene-Fluorine-Propyl-t-Butyl,Benzene,Fluorine,Propyl,t-Butyl,197,REJECT,Warhead: Not electrophile; Tail: Too hydrophobic; Warhead: Must be electrophile; Tail: Must be polar; MW 197: Out of range 350-600
Benzene-Phenyl-Acrylamide-MethylPiperazine,Benzene,Phenyl,Acrylamide,MethylPiperazine,326,REJECT,Anchor: Steric clash w/ GLY60; Anchor: Steric violation (GLY60); MW 326: Out of range 350-600
Benzene-Phenyl-Acrylamide-Morpholine,Benzene,Phenyl,Acrylamide,Morpholine,313,REJECT,Anchor: Steric clash w/ GLY60; Anchor: Steric violation (GLY60); MW 313: Out of range 350-600
Benzene-Phenyl-Acrylamide-Dimethylamine,Benzene,Phenyl,Acrylamide,Dimethylamine,271,REJECT,Anchor: Steric clash w/ GLY60; Anchor: Steric violation (GLY60); MW 271: Out of range 350-600
Benzene-Phenyl-Acrylamide-t-Butyl,Benzene,Phenyl,Acrylamide,t-Butyl,283,REJECT,Anchor: Steric clash w/ GLY60; Tail: Too hydrophobic; Anchor: Steric violation (GLY60); Tail: Must be polar; MW 283: Out of range 350-600
Benzene-Phenyl-VinylSulfonamide-MethylPiperazine,Benzene,Phenyl,VinylSulfonamide,MethylPiperazine,362,REJECT,Anchor: Steric clash w/ GLY60; Anchor: Steric violation (GLY60)
Benzene-Phenyl-VinylSulfonamide-Morpholine,Benzene,Phenyl,VinylSulfonamide,Morpholine,349,REJECT,Anchor: Steric clash w/ GLY60; Anchor: Steric violation (GLY60); MW 349: Out of range 350-600
Benzene-Phenyl-VinylSulfonamide-Dimethylamine,Benzene,Phenyl,VinylSulfonamide,Dimethylamine,307,REJECT,Anchor: Steric clash w/ GLY60; Anchor: Steric violation (GLY60); MW 307: Out of range 350-600
Benzene-Phenyl-VinylSulfonamide-t-Butyl,Benzene,Phenyl,VinylSulfonamide,t-Butyl,319,REJECT,Anchor: Steric clash w/ GLY60; Tail: Too hydrophobic; Anchor: Steric violation (GLY60); Tail: Must be polar; MW 319: Out of range 350-600
Benzene-Phenyl-Chloroacetamide-MethylPiperazine,Benzene,Phenyl,Chloroacetamide,MethylPiperazine,348,REJECT,Anchor: Steric clash w/ GLY60; Anchor: Steric violation (GLY60); MW 348: Out of range 350-600
Benzene-Phenyl-Chloroacetamide-Morpholine,Benzene,Phenyl,Chloroacetamide,Morpholine,335,REJECT,Anchor: Steric clash w/ GLY60; Anchor: Steric violation (GLY60); MW 335: Out of range 350-600
Benzene-Phenyl-Chloroacetamide-Dimethylamine,Benzene,Phenyl,Chloroacetamide,Dimethylamine,293,REJECT,Anchor: Steric clash w/ GLY60; Anchor: Steric violation (GLY60); MW 293: Out of range 350-600
Benzene-Phenyl-Chloroacetamide-t-Butyl,Benzene,Phenyl,Chloroacetamide,t-Butyl,305,REJECT,Anchor: Steric clash w/ GLY60; Tail: Too hydrophobic; Anchor: Steric violation (GLY60); Tail: Must be polar; MW 305: Out of range 350-600
Benzene-Phenyl-Propyl-MethylPiperazine,Benzene,Phenyl,Propyl,MethylPiperazine,298,REJECT,Anchor: Steric clash w/ GLY60; Warhead: Not electrophile; Warhead: Must be electrophile; Anchor: Steric violation (GLY60); MW 298: Out of range 350-600
Benzene-Phenyl-Propyl-Morpholine,Benzene,Phenyl,Propyl,Morpholine,285,REJECT,Anchor: Steric clash w/ GLY60; Warhead: Not electrophile; Warhead: Must be electrophile; Anchor: Steric violation (GLY60); MW 285: Out of range 350-600
Benzene-Phenyl-Propyl-Dimethylamine,Benzene,Phenyl,Propyl,Dimethylamine,243,REJECT,Anchor: Steric clash w/ GLY60; Warhead: Not electrophile; Warhead: Must be electrophile; Anchor: Steric violation (GLY60); MW 243: Out of range 350-600
Benzene-Phenyl-Propyl-t-Butyl,Benzene,Phenyl,Propyl,t-Butyl,255,REJECT,Anchor: Steric clash w/ GLY60; Warhead: Not electrophile; Tail: Too hydrophobic; Warhead: Must be electrophile; Anchor: Steric violation (GLY60); Tail: Must be polar; MW 255: Out of range 350-600
Piperidine-Isopropyl-Acrylamide-MethylPiperazine,Piperidine,Isopropyl,Acrylamide,MethylPiperazine,299,REJECT,Core: Not aromatic; Core: Must be aromatic; MW 299: Out of range 350-600
Piperidine-Isopropyl-Acrylamide-Morpholine,Piperidine,Isopropyl,Acrylamide,Morpholine,286,REJECT,Core: Not aromatic; Core: Must be aromatic; MW 286: Out of range 350-600
Piperidine-Isopropyl-Acrylamide-Dimethylamine,Piperidine,Isopropyl,Acrylamide,Dimethylamine,244,REJECT,Core: Not aromatic; Core: Must be aromatic; MW 244: Out of range 350-600
Piperidine-Isopropyl-Acrylamide-t-Butyl,Piperidine,Isopropyl,Acrylamide,t-Butyl,256,REJECT,Core: Not aromatic; Tail: Too hydrophobic; Core: Must be aromatic; Tail: Must be polar; MW 256: Out of range 350-600
Piperidine-Isopropyl-VinylSulfonamide-MethylPiperazine,Piperidine,Isopropyl,VinylSulfonamide,MethylPiperazine,335,REJECT,Core: Not aromatic; Core: Must be aromatic; MW 335: Out of range 350-600
Piperidine-Isopropyl-VinylSulfonamide-Morpholine,Piperidine,Isopropyl,VinylSulfonamide,Morpholine,322,REJECT,Core: Not aromatic; Core: Must be aromatic; MW 322: Out of range 350-600
Piperidine-Isopropyl-VinylSulfonamide-Dimethylamine,Piperidine,Isopropyl,VinylSulfonamide,Dimethylamine,280,REJECT,Core: Not aromatic; Core: Must be aromatic; MW 280: Out of range 350-600
Piperidine-Isopropyl-VinylSulfonamide-t-Butyl,Piperidine,Isopropyl,VinylSulfonamide,t-Butyl,292,REJECT,Core: Not aromatic; Tail: Too hydrophobic; Core: Must be aromatic; Tail: Must be polar; MW 292: Out of range 350-600
Piperidine-Isopropyl-Chloroacetamide-MethylPiperazine,Piperidine,Isopropyl,Chloroacetamide,MethylPiperazine,321,REJECT,Core: Not aromatic; Core: Must be aromatic; MW 321: Out of range 350-600
Piperidine-Isopropyl-Chloroacetamide-Morpholine,Piperidine,Isopropyl,Chloroacetamide,Morpholine,308,REJECT,Core: Not aromatic; Core: Must be aromatic; MW 308: Out of range 350-600
Piperidine-Isopropyl-Chloroacetamide-Dimethylamine,Piperidine,Isopropyl,Chloroacetamide,Dimethylamine,266,REJECT,Core: Not aromatic; Core: Must be aromatic; MW 266: Out of range 350-600
Piperidine-Isopropyl-Chloroacetamide-t-Butyl,Piperidine,Isopropyl,Chloroacetamide,t-Butyl,278,REJECT,Core: Not aromatic; Tail: Too hydrophobic; Core: Must be aromatic; Tail: Must be polar; MW 278: Out of range 350-600
Piperidine-Isopropyl-Propyl-MethylPiperazine,Piperidine,Isopropyl,Propyl,MethylPiperazine,271,REJECT,Core: Not aromatic; Warhead: Not electrophile; Core: Must be aromatic; Warhead: Must be electrophile; MW 271: Out of range 350-600
Piperidine-Isopropyl-Propyl-Morpholine,Piperidine,Isopropyl,Propyl,Morpholine,258,REJECT,Core: Not aromatic; Warhead: Not electrophile; Core: Must be aromatic; Warhead: Must be electrophile; MW 258: Out of range 350-600
Piperidine-Isopropyl-Propyl-Dimethylamine,Piperidine,Isopropyl,Propyl,Dimethylamine,216,REJECT,Core: Not aromatic; Warhead: Not electrophile; Core: Must be aromatic; Warhead: Must be electrophile; MW 216: Out of range 350-600
Piperidine-Isopropyl-Propyl-t-Butyl,Piperidine,Isopropyl,Propyl,t-Butyl,228,REJECT,Core: Not aromatic; Warhead: Not electrophile; Tail: Too hydrophobic; Core: Must be aromatic; Warhead: Must be electrophile; Tail: Must be polar; MW 228: Out of range 350-600
Piperidine-Methyl-Acrylamide-MethylPiperazine,Piperidine,Methyl,Acrylamide,MethylPiperazine,271,REJECT,Core: Not aromatic; Core: Must be aromatic; MW 271: Out of range 350-600
Piperidine-Methyl-Acrylamide-Morpholine,Piperidine,Methyl,Acrylamide,Morpholine,258,REJECT,Core: Not aromatic; Core: Must be aromatic; MW 258: Out of range 350-600
Piperidine-Methyl-Acrylamide-Dimethylamine,Piperidine,Methyl,Acrylamide,Dimethylamine,216,REJECT,Core: Not aromatic; Core: Must be aromatic; MW 216: Out of range 350-600
Piperidine-Methyl-Acrylamide-t-Butyl,Piperidine,Methyl,Acrylamide,t-Butyl,228,REJECT,Core: Not aromatic; Tail: Too hydrophobic; Core: Must be aromatic; Tail: Must be polar; MW 228: Out of range 350-600
Piperidine-Methyl-VinylSulfonamide-MethylPiperazine,Piperidine,Methyl,VinylSulfonamide,MethylPiperazine,307,REJECT,Core: Not aromatic; Core: Must be aromatic; MW 307: Out of range 350-600
Piperidine-Methyl-VinylSulfonamide-Morpholine,Piperidine,Methyl,VinylSulfonamide,Morpholine,294,REJECT,Core: Not aromatic; Core: Must be aromatic; MW 294: Out of range 350-600
Piperidine-Methyl-VinylSulfonamide-Dimethylamine,Piperidine,Methyl,VinylSulfonamide,Dimethylamine,252,REJECT,Core: Not aromatic; Core: Must be aromatic; MW 252: Out of range 350-600
Piperidine-Methyl-VinylSulfonamide-t-Butyl,Piperidine,Methyl,VinylSulfonamide,t-Butyl,264,REJECT,Core: Not aromatic; Tail: Too hydrophobic; Core: Must be aromatic; Tail: Must be polar; MW 264: Out of range 350-600
Piperidine-Methyl-Chloroacetamide-MethylPiperazine,Piperidine,Methyl,Chloroacetamide,MethylPiperazine,293,REJECT,Core: Not aromatic; Core: Must be aromatic; MW 293: Out of range 350-600
Piperidine-Methyl-Chloroacetamide-Morpholine,Piperidine,Methyl,Chloroacetamide,Morpholine,280,REJECT,Core: Not aromatic; Core: Must be aromatic; MW 280: Out of range 350-600
Piperidine-Methyl-Chloroacetamide-Dimethylamine,Piperidine,Methyl,Chloroacetamide,Dimethylamine,238,REJECT,Core: Not aromatic; Core: Must be aromatic; MW 238: Out of range 350-600
Piperidine-Methyl-Chloroacetamide-t-Butyl,Piperidine,Methyl,Chloroacetamide,t-Butyl,250,REJECT,Core: Not aromatic; Tail: Too hydrophobic; Core: Must be aromatic; Tail: Must be polar; MW 250: Out of range 350-600
Piperidine-Methyl-Propyl-MethylPiperazine,Piperidine,Methyl,Propyl,MethylPiperazine,243,REJECT,Core: Not aromatic; Warhead: Not electrophile; Core: Must be aromatic; Warhead: Must be electrophile; MW 243: Out of range 350-600
Piperidine-Methyl-Propyl-Morpholine,Piperidine,Methyl,Propyl,Morpholine,230,REJECT,Core: Not aromatic; Warhead: Not electrophile; Core: Must be aromatic; Warhead: Must be electrophile; MW 230: Out of range 350-600
Piperidine-Methyl-Propyl-Dimethylamine,Piperidine,Methyl,Propyl,Dimethylamine,188,REJECT,Core: Not aromatic; Warhead: Not electrophile; Core: Must be aromatic; Warhead: Must be electrophile; MW 188: Out of range 350-600
Piperidine-Methyl-Propyl-t-Butyl,Piperidine,Methyl,Propyl,t-Butyl,200,REJECT,Core: Not aromatic; Warhead: Not electrophile; Tail: Too hydrophobic; Core: Must be aromatic; Warhead: Must be electrophile; Tail: Must be polar; MW 200: Out of range 350-600
Piperidine-Fluorine-Acrylamide-MethylPiperazine,Piperidine,Fluorine,Acrylamide,MethylPiperazine,275,REJECT,Core: Not aromatic; Core: Must be aromatic; MW 275: Out of range 350-600
Piperidine-Fluorine-Acrylamide-Morpholine,Piperidine,Fluorine,Acrylamide,Morpholine,262,REJECT,Core: Not aromatic; Core: Must be aromatic; MW 262: Out of range 350-600
Piperidine-Fluorine-Acrylamide-Dimethylamine,Piperidine,Fluorine,Acrylamide,Dimethylamine,220,REJECT,Core: Not aromatic; Core: Must be aromatic; MW 220: Out of range 350-600
Piperidine-Fluorine-Acrylamide-t-Butyl,Piperidine,Fluorine,Acrylamide,t-Butyl,232,REJECT,Core: Not aromatic; Tail: Too hydrophobic; Core: Must be aromatic; Tail: Must be polar; MW 232: Out of range 350-600
Piperidine-Fluorine-VinylSulfonamide-MethylPiperazine,Piperidine,Fluorine,VinylSulfonamide,MethylPiperazine,311,REJECT,Core: Not aromatic; Core: Must be aromatic; MW 311: Out of range 350-600
Piperidine-Fluorine-VinylSulfonamide-Morpholine,Piperidine,Fluorine,VinylSulfonamide,Morpholine,298,REJECT,Core: Not aromatic; Core: Must be aromatic; MW 298: Out of range 350-600
Piperidine-Fluorine-VinylSulfonamide-Dimethylamine,Piperidine,Fluorine,VinylSulfonamide,Dimethylamine,256,REJECT,Core: Not aromatic; Core: Must be aromatic; MW 256: Out of range 350-600
Piperidine-Fluorine-VinylSulfonamide-t-Butyl,Piperidine,Fluorine,VinylSulfonamide,t-Butyl,268,REJECT,Core: Not aromatic; Tail: Too hydrophobic; Core: Must be aromatic; Tail: Must be polar; MW 268: Out of range 350-600
Piperidine-Fluorine-Chloroacetamide-MethylPiperazine,Piperidine,Fluorine,Chloroacetamide,MethylPiperazine,297,REJECT,Core: Not aromatic; Core: Must be aromatic; MW 297: Out of range 350-600
Piperidine-Fluorine-Chloroacetamide-Morpholine,Piperidine,Fluorine,Chloroacetamide,Morpholine,284,REJECT,Core: Not aromatic; Core: Must be aromatic; MW 284: Out of range 350-600
Piperidine-Fluorine-Chloroacetamide-Dimethylamine,Piperidine,Fluorine,Chloroacetamide,Dimethylamine,242,REJECT,Core: Not aromatic; Core: Must be aromatic; MW 242: Out of range 350-600
Piperidine-Fluorine-Chloroacetamide-t-Butyl,Piperidine,Fluorine,Chloroacetamide,t-Butyl,254,REJECT,Core: Not aromatic; Tail: Too hydrophobic; Core: Must be aromatic; Tail: Must be polar; MW 254: Out of range 350-600
Piperidine-Fluorine-Propyl-MethylPiperazine,Piperidine,Fluorine,Propyl,MethylPiperazine,247,REJECT,Core: Not aromatic; Warhead: Not electrophile; Core: Must be aromatic; Warhead: Must be electrophile; MW 247: Out of range 350-600
Piperidine-Fluorine-Propyl-Morpholine,Piperidine,Fluorine,Propyl,Morpholine,234,REJECT,Core: Not aromatic; Warhead: Not electrophile; Core: Must be aromatic; Warhead: Must be electrophile; MW 234: Out of range 350-600
Piperidine-Fluorine-Propyl-Dimethylamine,Piperidine,Fluorine,Propyl,Dimethylamine,192,REJECT,Core: Not aromatic; Warhead: Not electrophile; Core: Must be aromatic; Warhead: Must be electrophile; MW 192: Out of range 350-600
Piperidine-Fluorine-Propyl-t-Butyl,Piperidine,Fluorine,Propyl,t-Butyl,204,REJECT,Core: Not aromatic; Warhead: Not electrophile; Tail: Too hydrophobic; Core: Must be aromatic; Warhead: Must be electrophile; Tail: Must be polar; MW 204: Out of range 350-600
Piperidine-Phenyl-Acrylamide-MethylPiperazine,Piperidine,Phenyl,Acrylamide,MethylPiperazine,333,REJECT,Core: Not aromatic; Anchor: Steric clash w/ GLY60; Core: Must be aromatic; Anchor: Steric violation (GLY60); MW 333: Out of range 350-600
Piperidine-Phenyl-Acrylamide-Morpholine,Piperidine,Phenyl,Acrylamide,Morpholine,320,REJECT,Core: Not aromatic; Anchor: Steric clash w/ GLY60; Core: Must be aromatic; Anchor: Steric violation (GLY60); MW 320: Out of range 350-600
Piperidine-Phenyl-Acrylamide-Dimethylamine,Piperidine,Phenyl,Acrylamide,Dimethylamine,278,REJECT,Core: Not aromatic; Anchor: Steric clash w/ GLY60; Core: Must be aromatic; Anchor: Steric violation (GLY60); MW 278: Out of range 350-600
Piperidine-Phenyl-Acrylamide-t-Butyl,Piperidine,Phenyl,Acrylamide,t-Butyl,290,REJECT,Core: Not aromatic; Anchor: Steric clash w/ GLY60; Tail: Too hydrophobic; Core: Must be aromatic; Anchor: Steric violation (GLY60); Tail: Must be polar; MW 290: Out of range 350-600
Piperidine-Phenyl-VinylSulfonamide-MethylPiperazine,Piperidine,Phenyl,VinylSulfonamide,MethylPiperazine,369,REJECT,Core: Not aromatic; Anchor: Steric clash w/ GLY60; Core: Must be aromatic; Anchor: Steric violation (GLY60)
Piperidine-Phenyl-VinylSulfonamide-Morpholine,Piperidine,Phenyl,VinylSulfonamide,Morpholine,356,REJECT,Core: Not aromatic; Anchor: Steric clash w/ GLY60; Core: Must be aromatic; Anchor: Steric violation (GLY60)
Piperidine-Phenyl-VinylSulfonamide-Dimethylamine,Piperidine,Phenyl,VinylSulfonamide,Dimethylamine,314,REJECT,Core: Not aromatic; Anchor: Steric clash w/ GLY60; Core: Must be aromatic; Anchor: Steric violation (GLY60); MW 314: Out of range 350-600
Piperidine-Phenyl-VinylSulfonamide-t-Butyl,Piperidine,Phenyl,VinylSulfonamide,t-Butyl,326,REJECT,Core: Not aromatic; Anchor: Steric clash w/ GLY60; Tail: Too hydrophobic; Core: Must be aromatic; Anchor: Steric violation (GLY60); Tail: Must be polar; MW 326: Out of range 350-600
Piperidine-Phenyl-Chloroacetamide-MethylPiperazine,Piperidine,Phenyl,Chloroacetamide,MethylPiperazine,355,REJECT,Core: Not aromatic; Anchor: Steric clash w/ GLY60; Core: Must be aromatic; Anchor: Steric violation (GLY60)
Piperidine-Phenyl-Chloroacetamide-Morpholine,Piperidine,Phenyl,Chloroacetamide,Morpholine,342,REJECT,Core: Not aromatic; Anchor: Steric clash w/ GLY60; Core: Must be aromatic; Anchor: Steric violation (GLY60); MW 342: Out of range 350-600
Piperidine-Phenyl-Chloroacetamide-Dimethylamine,Piperidine,Phenyl,Chloroacetamide,Dimethylamine,300,REJECT,Core: Not aromatic; Anchor: Steric clash w/ GLY60; Core: Must be aromatic; Anchor: Steric violation (GLY60); MW 300: Out of range 350-600
Piperidine-Phenyl-Chloroacetamide-t-Butyl,Piperidine,Phenyl,Chloroacetamide,t-Butyl,312,REJECT,Core: Not aromatic; Anchor: Steric clash w/ GLY60; Tail: Too hydrophobic; Core: Must be aromatic; Anchor: Steric violation (GLY60); Tail: Must be polar; MW 312: Out of range 350-600
Piperidine-Phenyl-Propyl-MethylPiperazine,Piperidine,Phenyl,Propyl,MethylPiperazine,305,REJECT,Core: Not aromatic; Anchor: Steric clash w/ GLY60; Warhead: Not electrophile; Core: Must be aromatic; Warhead: Must be electrophile; Anchor: Steric violation (GLY60); MW 305: Out of range 350-600
Piperidine-Phenyl-Propyl-Morpholine,Piperidine,Phenyl,Propyl,Morpholine,292,REJECT,Core: Not aromatic; Anchor: Steric clash w/ GLY60; Warhead: Not electrophile; Core: Must be aromatic; Warhead: Must be electrophile; Anchor: Steric violation (GLY60); MW 292: Out of range 350-600
Piperidine-Phenyl-Propyl-Dimethylamine,Piperidine,Phenyl,Propyl,Dimethylamine,250,REJECT,Core: Not aromatic; Anchor: Steric clash w/ GLY60; Warhead: Not electrophile; Core: Must be aromatic; Warhead: Must be electrophile; Anchor: Steric violation (GLY60); MW 250: Out of range 350-600
Piperidine-Phenyl-Propyl-t-Butyl,Piperidine,Phenyl,Propyl,t-Butyl,262,REJECT,Core: Not aromatic; Anchor: Steric clash w/ GLY60; Warhead: Not electrophile; Tail: Too hydrophobic; Core: Must be aromatic; Warhead: Must be electrophile; Anchor: Steric violation (GLY60); Tail: Must be polar; MW 262: Out of range 350-600
